Name,Industry,Founded,Employees,Revenue_M,Funding_M,Stage,HQ,Description
NeuralForge,AI/ML,2021,85,12.3,45.0,Series B,San Francisco,Builds custom neural network architectures for enterprise clients specializing in computer vision and NLP solutions
DataPulse,Data Analytics,2019,210,38.5,72.0,Series C,New York,Real-time data analytics platform for financial services with streaming dashboards and anomaly detection
CloudNest,Cloud Infrastructure,2020,150,25.7,55.0,Series B,Seattle,Kubernetes-based multi-cloud orchestration platform enabling seamless workload migration across providers
CyberVault,Cybersecurity,2018,320,62.0,110.0,Series D,Austin,Zero-trust security platform providing endpoint protection and threat intelligence for Fortune 500 companies
GreenByte,CleanTech,2022,45,4.2,18.0,Series A,Denver,AI-powered energy optimization software for commercial buildings reducing carbon footprint by up to 40 percent
MediSync,HealthTech,2020,175,31.0,65.0,Series C,Boston,Clinical data integration platform connecting EHR systems for seamless patient record sharing across hospitals
QuantumLeap,Quantum Computing,2021,60,8.1,35.0,Series A,Boulder,Quantum computing simulation tools for pharmaceutical drug discovery and materials science research
RoboFlow,Robotics,2019,130,22.4,48.0,Series B,Pittsburgh,Autonomous warehouse robotics with AI-driven pick-and-place systems for e-commerce fulfillment centers
EduSpark,EdTech,2020,95,15.6,28.0,Series B,Chicago,Adaptive learning platform using AI to personalize K-12 STEM curriculum based on student performance patterns
FinEdge,FinTech,2018,280,55.0,95.0,Series D,New York,Algorithmic trading platform with risk management tools for hedge funds and institutional investors
AgriMind,AgTech,2021,70,9.8,22.0,Series A,Des Moines,Precision agriculture platform using satellite imagery and IoT sensors for crop yield optimization
SpaceLink,Space Tech,2019,200,28.3,120.0,Series C,Los Angeles,Low-earth orbit satellite constellation providing broadband internet to underserved rural communities
LegalBot,LegalTech,2022,40,3.5,12.0,Seed,Washington DC,AI-powered contract review and legal document analysis tool for small and medium law firms
SoundWave,AI/ML,2020,110,19.7,42.0,Series B,Austin,Audio intelligence platform providing speech-to-text transcription and sentiment analysis for call centers
BlockTrust,Blockchain,2021,55,6.4,25.0,Series A,Miami,Decentralized identity verification platform using blockchain for secure KYC compliance in banking
VoxAI,AI/ML,2022,30,2.1,8.5,Seed,San Francisco,Voice cloning and synthesis engine for personalized virtual assistants and accessibility tools
ProtonGrid,CleanTech,2019,180,27.6,58.0,Series C,Houston,Hydrogen fuel cell technology for heavy-duty commercial trucking and long-haul freight logistics
NanoMed,HealthTech,2021,65,7.3,30.0,Series A,San Diego,Nanoparticle-based drug delivery systems for targeted cancer therapy in clinical trials
PixelMint,Gaming,2020,120,18.9,40.0,Series B,Los Angeles,Cloud gaming infrastructure enabling cross-platform multiplayer with ultra-low latency streaming
DeepSoil,AgTech,2022,35,1.8,9.0,Seed,Ames,Soil microbiome analysis using machine learning to recommend regenerative farming practices
PayNova,FinTech,2019,240,48.0,82.0,Series C,San Francisco,Cross-border payment processing platform with real-time currency conversion for SMBs
InsightIQ,Data Analytics,2021,90,14.2,38.0,Series B,Boston,Business intelligence dashboard aggregator pulling data from 200 plus SaaS tools into unified views
TerraWatch,CleanTech,2020,100,11.5,32.0,Series B,Portland,Wildfire detection and monitoring system using drone swarms with thermal imaging sensors
CodePilot,Developer Tools,2021,75,10.8,28.0,Series A,San Francisco,AI-assisted code review platform that detects bugs and security vulnerabilities before deployment
SwiftShip,Logistics,2018,350,70.0,125.0,Series D,Atlanta,Last-mile delivery optimization platform using AI route planning for e-commerce retailers
BioRhythm,HealthTech,2022,50,3.8,15.0,Seed,Cambridge,Wearable biosensor platform continuously monitoring vital signs for early disease detection
CryptoMesh,Blockchain,2020,80,11.0,35.0,Series B,Singapore,Layer-2 blockchain scaling solution enabling high-throughput decentralized application transactions
AutoPilotAI,Autonomous Vehicles,2019,290,42.0,150.0,Series C,Detroit,Self-driving software stack for commercial delivery vehicles operating in urban environments
NeuroLink,AI/ML,2021,55,6.9,22.0,Series A,Toronto,Brain-computer interface software translating neural signals into digital commands for accessibility
FoodChain,Supply Chain,2020,140,20.5,45.0,Series B,Chicago,Blockchain-enabled food traceability platform tracking produce from farm to consumer shelf
WellnessHub,HealthTech,2019,160,26.0,52.0,Series C,Denver,Mental health platform connecting patients with therapists via AI-matched video consultations
SkyForge,Space Tech,2021,110,15.4,65.0,Series B,Huntsville,Reusable rocket propulsion systems designed for small satellite launch services
NetGuard,Cybersecurity,2020,200,35.0,70.0,Series C,Tel Aviv,Network traffic analysis tool using AI to identify and neutralize advanced persistent threats
EcoCharge,CleanTech,2022,40,2.9,11.0,Seed,Austin,Smart EV charging network management software optimizing grid load and pricing for station operators
PolicyPal,InsurTech,2019,130,21.0,47.0,Series B,Hartford,AI-driven insurance underwriting platform automating risk assessment for property and casualty
LearnLoop,EdTech,2021,60,7.5,20.0,Series A,Atlanta,Gamified corporate training platform with adaptive quizzes and real-time skill gap analytics
AquaSense,AgTech,2020,85,10.2,28.0,Series B,Sacramento,IoT water management system for precision irrigation monitoring crop moisture levels in real time
TradingPost,FinTech,2021,70,8.8,25.0,Series A,Charlotte,Social trading platform allowing retail investors to mirror strategies of verified top performers
DocuMind,AI/ML,2020,95,13.5,36.0,Series B,Seattle,Intelligent document processing platform extracting structured data from unstructured PDFs and images
FleetIQ,Logistics,2019,175,30.0,60.0,Series C,Dallas,Fleet management and predictive maintenance platform for commercial trucking companies
HabiTech,PropTech,2022,45,3.2,13.0,Seed,Miami,Smart building management system integrating IoT sensors for energy and occupancy optimization
GenomeAI,BioTech,2020,80,9.6,40.0,Series B,San Francisco,Genomic data analysis platform accelerating personalized medicine research with deep learning
ArtifactVR,AR/VR,2021,65,5.7,18.0,Series A,Santa Monica,Immersive virtual reality training simulations for healthcare professionals and first responders
DroneHive,Robotics,2019,140,24.0,52.0,Series C,Raleigh,Autonomous drone fleet management for infrastructure inspection of bridges and power lines
MapStream,Geospatial,2021,50,4.5,16.0,Series A,Boulder,Real-time geospatial analytics platform processing satellite and aerial imagery for urban planning
CreditLens,FinTech,2020,110,17.0,42.0,Series B,New York,Alternative credit scoring engine using non-traditional data sources for underbanked populations
PharmaFlow,HealthTech,2018,260,50.0,90.0,Series D,Philadelphia,Clinical trial management platform streamlining patient recruitment and data collection
RecycleNet,CleanTech,2021,55,4.8,14.0,Series A,San Jose,AI-powered waste sorting robotics for municipal recycling facilities improving recovery rates
TutorMind,EdTech,2022,35,2.4,10.0,Seed,Boston,AI tutoring chatbot providing 24/7 homework help and concept explanations for college students
CargoSync,Logistics,2020,160,28.0,55.0,Series B,Memphis,Real-time freight visibility platform connecting shippers carriers and warehouses on a unified dashboard
IdentityX,Cybersecurity,2021,75,9.1,27.0,Series A,Washington DC,Biometric authentication platform combining facial recognition and behavioral analytics for enterprises
PlantPulse,AgTech,2020,60,6.7,19.0,Series A,Madison,Vertical farming automation platform controlling lighting nutrients and climate with AI optimization
ChefAI,FoodTech,2022,25,1.5,7.0,Seed,Portland,AI-powered recipe recommendation engine adapting to dietary restrictions and ingredient availability
MortgageIQ,FinTech,2019,190,33.0,68.0,Series C,Charlotte,Automated mortgage origination platform reducing loan approval time from weeks to hours
StellarNet,Space Tech,2020,95,12.0,55.0,Series B,Cape Canaveral,Satellite communication relay network for maritime and aviation connectivity in remote regions
AdaptLearn,EdTech,2019,150,22.0,48.0,Series C,San Francisco,Enterprise LMS with AI-driven content curation and employee skill development tracking
CarbonTrace,CleanTech,2021,70,7.8,24.0,Series A,Portland,Carbon footprint tracking and offsetting marketplace for mid-size businesses and supply chains
BrainBox,AI/ML,2020,85,11.2,33.0,Series B,Montreal,Autonomous HVAC optimization using deep reinforcement learning reducing building energy use by 25 percent
LogiTrack,Logistics,2018,300,58.0,100.0,Series D,Chicago,End-to-end supply chain visibility platform with predictive disruption alerts for global manufacturers
HireWise,HR Tech,2021,55,5.3,17.0,Series A,Austin,AI recruiting platform eliminating bias in resume screening and candidate ranking
VaultChain,Blockchain,2020,65,7.2,21.0,Series A,Zurich,Digital asset custody solution for institutional investors with multi-signature cold storage
SolarMind,CleanTech,2019,125,20.0,45.0,Series B,Phoenix,AI-optimized solar panel placement and energy yield forecasting for utility-scale installations
RetailEdge,Retail Tech,2020,100,14.8,35.0,Series B,Minneapolis,Computer vision analytics for brick-and-mortar stores tracking foot traffic and shelf inventory
PetPal,HealthTech,2022,30,2.0,8.0,Seed,Nashville,Veterinary telehealth platform connecting pet owners with licensed veterinarians via video chat
WaveOps,DevOps,2021,80,10.5,30.0,Series B,Seattle,Observability platform unifying logs metrics and traces for cloud-native microservices architectures
ThreatMatrix,Cybersecurity,2019,180,32.0,65.0,Series C,Arlington,Cyber threat intelligence platform aggregating dark web data for proactive enterprise security
MetaFarm,AgTech,2022,40,2.7,11.0,Seed,Lincoln,Digital twin technology for farm operations simulating crop scenarios under different weather conditions
AudioNest,Media Tech,2020,70,8.4,23.0,Series A,Nashville,Podcast analytics and monetization platform providing listener insights and dynamic ad insertion
CompliBot,RegTech,2021,90,12.6,34.0,Series B,New York,Regulatory compliance automation platform tracking changing financial regulations across jurisdictions
UrbanGrid,Smart Cities,2019,135,19.5,50.0,Series B,Singapore,Smart traffic management system using real-time sensor data to optimize signal timing and reduce congestion
PredictoHealth,HealthTech,2021,75,8.9,26.0,Series A,Minneapolis,Predictive analytics platform identifying patients at risk of hospital readmission using EHR data
CloudAuth,Cybersecurity,2020,105,16.0,40.0,Series B,San Jose,Cloud-native identity and access management platform with passwordless authentication capabilities
AeroVista,Drone Tech,2022,45,3.4,14.0,Seed,Denver,Aerial surveying and 3D mapping platform for construction sites using autonomous drone flights
TokenMint,Blockchain,2021,50,4.0,15.0,Series A,Austin,Tokenization platform enabling fractional ownership of real estate and alternative investments
NutriScan,FoodTech,2020,60,6.2,18.0,Series A,Los Angeles,Mobile app using computer vision to instantly analyze nutritional content from food photos
FieldOps,Construction Tech,2019,170,25.0,55.0,Series C,Houston,Construction project management platform with BIM integration and real-time progress tracking
ZenDesk,Mental Health Tech,2022,35,2.2,9.5,Seed,Portland,AI-guided meditation and stress management app adapting sessions based on biometric feedback
ClaimSmart,InsurTech,2020,120,18.0,42.0,Series B,Columbus,Automated insurance claims processing using computer vision to assess property damage from photos
SpectraAI,AI/ML,2021,65,7.6,22.0,Series A,Toronto,Synthetic data generation platform creating realistic training datasets for computer vision models
HydroGenX,CleanTech,2020,90,10.8,38.0,Series B,Calgary,Green hydrogen production optimization using AI to maximize electrolyzer efficiency
TransLingua,AI/ML,2019,155,24.0,50.0,Series C,Berlin,Real-time multilingual translation platform supporting 95 languages for enterprise communication
MarketPulse,Data Analytics,2021,80,9.5,27.0,Series A,New York,Social media sentiment analysis engine tracking brand perception across platforms in real time
KinetIQ,Robotics,2020,100,13.0,38.0,Series B,San Jose,Collaborative robotic arms for precision manufacturing with force-sensing feedback systems
CivicLink,GovTech,2022,30,1.9,7.5,Seed,Washington DC,Digital citizen engagement platform enabling online town halls and participatory budgeting
FrostByte,Cloud Infrastructure,2019,195,34.0,72.0,Series C,Ashburn,Edge computing infrastructure for low-latency content delivery and real-time gaming workloads
BioSift,BioTech,2021,70,8.0,28.0,Series A,Research Triangle,High-throughput protein engineering platform using directed evolution and machine learning
RealtyMind,PropTech,2020,85,11.5,32.0,Series B,New York,AI-powered commercial real estate valuation tool analyzing market trends and property comparables
StudyBuddy,EdTech,2022,25,1.2,6.0,Seed,Ann Arbor,Collaborative study platform matching students by course and learning style for virtual study groups
SecureOps,Cybersecurity,2021,95,13.0,36.0,Series B,Boston,Security operations center automation platform reducing incident response time with AI triage
AgriDrone,AgTech,2019,110,17.5,40.0,Series B,Fresno,Agricultural drone spraying service using precision GPS to apply pesticides with minimal waste
SnapCommerce,Retail Tech,2020,130,21.0,48.0,Series B,Toronto,Visual search shopping platform allowing consumers to find products by uploading photos
MedScribe,HealthTech,2022,40,3.0,12.0,Seed,Nashville,AI medical scribe generating clinical notes from doctor-patient conversations in real time
DataMesh,Data Analytics,2020,115,16.5,44.0,Series B,Seattle,Data fabric platform enabling seamless data sharing and governance across distributed organizations
PulseEnergy,CleanTech,2021,80,9.0,26.0,Series A,Denver,Battery management system using machine learning to extend lithium-ion battery lifecycle
SupplyAI,Supply Chain,2019,185,30.5,62.0,Series C,Atlanta,AI-powered demand forecasting platform reducing inventory waste for consumer goods companies
VeriSign3D,Manufacturing,2021,75,8.7,24.0,Series A,Milwaukee,3D printing quality assurance platform using computer vision to detect defects during additive manufacturing
ChatMate,AI/ML,2022,50,4.3,16.0,Series A,San Francisco,Conversational AI platform enabling businesses to deploy custom chatbots trained on proprietary knowledge bases
GridPoint,CleanTech,2020,115,16.8,42.0,Series B,Richmond,Smart grid management software balancing renewable energy supply with demand using predictive algorithms
SafeHaul,Logistics,2021,85,11.0,30.0,Series B,Louisville,Freight safety compliance platform monitoring driver behavior and vehicle conditions with IoT sensors
PixelHealth,HealthTech,2020,90,12.5,34.0,Series B,Baltimore,Medical imaging AI platform assisting radiologists with early detection of tumors in CT and MRI scans
